"date","topic","entryCount","topic_totalCount","topic_monthCount","topic_propTopic","topic_propMonth","set","entryCount_total","topic_propTotal","datePlot"
"January","covid",148,1854,506,0.0798274,0.292490119,"2020",5077,0.0291510734685838,"JAN"
"January","social",176,1274,506,0.138147567,0.347826087,"2020",5077,0.0346661414220997,"JAN"
"January","occupation",125,1050,506,0.119047619,0.247035573,"2020",5077,0.0246208390781958,"JAN"
"January","election",33,283,506,0.116607774,0.065217391,"2020",5077,0.00649990151664369,"JAN"
"January","domestic",21,161,506,0.130434783,0.041501976,"2020",5077,0.00413630096513689,"JAN"
"January","BLM",2,74,506,0.027027027,0.003952569,"2020",5077,0.000393933425251133,"JAN"
"January","covid-onset",1,51,506,0.019607843,0.001976285,"2020",5077,0.000196966712625566,"JAN"
"February","covid",192,1854,405,0.103559871,0.474074074,"2020",5077,0.0378176088241087,"FEB"
"February","social",106,1274,405,0.083202512,0.261728395,"2020",5077,0.02087847153831,"FEB"
"February","occupation",64,1050,405,0.060952381,0.158024691,"2020",5077,0.0126058696080362,"FEB"
"February","election",20,283,405,0.070671378,0.049382716,"2020",5077,0.00393933425251133,"FEB"
"February","domestic",17,161,405,0.105590062,0.041975309,"2020",5077,0.00334843411463463,"FEB"
"February","BLM",3,74,405,0.040540541,0.007407407,"2020",5077,0.000590900137876699,"FEB"
"February","covid-onset",3,51,405,0.058823529,0.007407407,"2020",5077,0.000590900137876699,"FEB"
"March","covid",547,1854,994,0.295037756,0.550301811,"2020",5077,0.107740791806185,"MAR"
"March","social",122,1274,994,0.095761381,0.122736419,"2020",5077,0.0240299389403191,"MAR"
"March","occupation",278,1050,994,0.264761905,0.279678068,"2020",5077,0.0547567461099074,"MAR"
"March","election",12,283,994,0.042402827,0.012072435,"2020",5077,0.0023636005515068,"MAR"
"March","domestic",5,161,994,0.031055901,0.005030181,"2020",5077,0.000984833563127831,"MAR"
"March","BLM",5,74,994,0.067567568,0.005030181,"2020",5077,0.000984833563127831,"MAR"
"March","covid-onset",25,51,994,0.490196078,0.025150905,"2020",5077,0.00492416781563916,"MAR"
"April","covid",187,1854,403,0.100862999,0.464019851,"2020",5077,0.0368327752609809,"APR"
"April","social",80,1274,403,0.062794349,0.198511166,"2020",5077,0.0157573370100453,"APR"
"April","occupation",106,1050,403,0.100952381,0.263027295,"2020",5077,0.02087847153831,"APR"
"April","election",7,283,403,0.024734982,0.017369727,"2020",5077,0.00137876698837896,"APR"
"April","domestic",9,161,403,0.055900621,0.022332506,"2020",5077,0.0017727004136301,"APR"
"April","BLM",6,74,403,0.081081081,0.014888337,"2020",5077,0.0011818002757534,"APR"
"April","covid-onset",8,51,403,0.156862745,0.019851117,"2020",5077,0.00157573370100453,"APR"
"May","covid",110,1854,317,0.059331176,0.347003155,"2020",5077,0.0216663383888123,"MAY"
"May","social",83,1274,317,0.065149137,0.261829653,"2020",5077,0.016348237147922,"MAY"
"May","occupation",82,1050,317,0.078095238,0.258675079,"2020",5077,0.0161512704352964,"MAY"
"May","election",5,283,317,0.017667845,0.015772871,"2020",5077,0.000984833563127831,"MAY"
"May","domestic",11,161,317,0.068322981,0.034700315,"2020",5077,0.00216663383888123,"MAY"
"May","BLM",23,74,317,0.310810811,0.072555205,"2020",5077,0.00453023439038802,"MAY"
"May","covid-onset",3,51,317,0.058823529,0.009463722,"2020",5077,0.000590900137876699,"MAY"
"June","covid",106,1854,319,0.057173679,0.332288401,"2020",5077,0.02087847153831,"JUN"
"June","social",90,1274,319,0.070643642,0.282131661,"2020",5077,0.017727004136301,"JUN"
"June","occupation",78,1050,319,0.074285714,0.244514107,"2020",5077,0.0153634035847942,"JUN"
"June","election",8,283,319,0.028268551,0.02507837,"2020",5077,0.00157573370100453,"JUN"
"June","domestic",16,161,319,0.099378882,0.05015674,"2020",5077,0.00315146740200906,"JUN"
"June","BLM",20,74,319,0.27027027,0.062695925,"2020",5077,0.00393933425251133,"JUN"
"June","covid-onset",1,51,319,0.019607843,0.003134796,"2020",5077,0.000196966712625566,"JUN"
"July","covid",96,1854,312,0.051779935,0.307692308,"2020",5077,0.0189088044120544,"JUL"
"July","social",131,1274,312,0.102825746,0.419871795,"2020",5077,0.0258026393539492,"JUL"
"July","occupation",66,1050,312,0.062857143,0.211538462,"2020",5077,0.0129998030332874,"JUL"
"July","election",3,283,312,0.010600707,0.009615385,"2020",5077,0.000590900137876699,"JUL"
"July","domestic",10,161,312,0.062111801,0.032051282,"2020",5077,0.00196966712625566,"JUL"
"July","BLM",6,74,312,0.081081081,0.019230769,"2020",5077,0.0011818002757534,"JUL"
"July","covid-onset",0,51,312,0,0,"2020",5077,0,"JUL"
"August","covid",83,1854,281,0.044768069,0.295373665,"2020",5077,0.016348237147922,"AUG"
"August","social",91,1274,281,0.071428571,0.323843416,"2020",5077,0.0179239708489265,"AUG"
"August","occupation",71,1050,281,0.067619048,0.252669039,"2020",5077,0.0139846365964152,"AUG"
"August","election",9,283,281,0.03180212,0.03202847,"2020",5077,0.0017727004136301,"AUG"
"August","domestic",25,161,281,0.155279503,0.088967972,"2020",5077,0.00492416781563916,"AUG"
"August","BLM",2,74,281,0.027027027,0.007117438,"2020",5077,0.000393933425251133,"AUG"
"August","covid-onset",0,51,281,0,0,"2020",5077,0,"AUG"
"September","covid",85,1854,262,0.045846818,0.324427481,"2020",5077,0.0167421705731731,"SEP"
"September","social",84,1274,262,0.065934066,0.320610687,"2020",5077,0.0165452038605476,"SEP"
"September","occupation",57,1050,262,0.054285714,0.217557252,"2020",5077,0.0112271026196573,"SEP"
"September","election",16,283,262,0.056537102,0.061068702,"2020",5077,0.00315146740200906,"SEP"
"September","domestic",16,161,262,0.099378882,0.061068702,"2020",5077,0.00315146740200906,"SEP"
"September","BLM",1,74,262,0.013513514,0.003816794,"2020",5077,0.000196966712625566,"SEP"
"September","covid-onset",3,51,262,0.058823529,0.011450382,"2020",5077,0.000590900137876699,"SEP"
"October","covid",83,1854,265,0.044768069,0.313207547,"2020",5077,0.016348237147922,"OCT"
"October","social",107,1274,265,0.083987441,0.403773585,"2020",5077,0.0210754382509356,"OCT"
"October","occupation",38,1050,265,0.036190476,0.143396226,"2020",5077,0.00748473507977152,"OCT"
"October","election",20,283,265,0.070671378,0.075471698,"2020",5077,0.00393933425251133,"OCT"
"October","domestic",10,161,265,0.062111801,0.037735849,"2020",5077,0.00196966712625566,"OCT"
"October","BLM",4,74,265,0.054054054,0.01509434,"2020",5077,0.000787866850502265,"OCT"
"October","covid-onset",3,51,265,0.058823529,0.011320755,"2020",5077,0.000590900137876699,"OCT"
"November","covid",141,1854,486,0.07605178,0.290123457,"2020",5077,0.0277723064802048,"NOV"
"November","social",147,1274,486,0.115384615,0.302469136,"2020",5077,0.0289541067559582,"NOV"
"November","occupation",53,1050,486,0.05047619,0.109053498,"2020",5077,0.010439235769155,"NOV"
"November","election",132,283,486,0.466431095,0.271604938,"2020",5077,0.0259996060665747,"NOV"
"November","domestic",11,161,486,0.068322981,0.022633745,"2020",5077,0.00216663383888123,"NOV"
"November","BLM",1,74,486,0.013513514,0.002057613,"2020",5077,0.000196966712625566,"NOV"
"November","covid-onset",1,51,486,0.019607843,0.002057613,"2020",5077,0.000196966712625566,"NOV"
"December","covid",76,1854,197,0.040992449,0.385786802,"2020",5077,0.014969470159543,"DEC"
"December","social",57,1274,197,0.044740973,0.289340102,"2020",5077,0.0112271026196573,"DEC"
"December","occupation",32,1050,197,0.03047619,0.162436548,"2020",5077,0.00630293480401812,"DEC"
"December","election",18,283,197,0.06360424,0.091370558,"2020",5077,0.00354540082726019,"DEC"
"December","domestic",10,161,197,0.062111801,0.050761421,"2020",5077,0.00196966712625566,"DEC"
"December","BLM",1,74,197,0.013513514,0.005076142,"2020",5077,0.000196966712625566,"DEC"
"December","covid-onset",3,51,197,0.058823529,0.015228426,"2020",5077,0.000590900137876699,"DEC"
"April","BLM",7,79,212,0.088607595,0.033018868,"2020+1",2137,0.00327562002807674,"APR"
"April","covid",84,860,212,0.097674419,0.396226415,"2020+1",2137,0.0393074403369209,"APR"
"April","covid-news",18,208,212,0.086538462,0.08490566,"2020+1",2137,0.0084230229293402,"APR"
"April","covid-onset",21,126,212,0.166666667,0.099056604,"2020+1",2137,0.00982686008423023,"APR"
"April","election",1,97,212,0.010309278,0.004716981,"2020+1",2137,0.000467945718296678,"APR"
"April","occupation",20,162,212,0.12345679,0.094339623,"2020+1",2137,0.00935891436593355,"APR"
"April","social",50,464,212,0.107758621,0.235849057,"2020+1",2137,0.0233972859148339,"APR"
"August","BLM",5,79,109,0.063291139,0.04587156,"2020+1",2137,0.00233972859148339,"AUG"
"August","covid",36,860,109,0.041860465,0.330275229,"2020+1",2137,0.0168460458586804,"AUG"
"August","covid-news",1,208,109,0.004807692,0.009174312,"2020+1",2137,0.000467945718296678,"AUG"
"August","covid-onset",4,126,109,0.031746032,0.036697248,"2020+1",2137,0.00187178287318671,"AUG"
"August","election",2,97,109,0.020618557,0.018348624,"2020+1",2137,0.000935891436593355,"AUG"
"August","occupation",16,162,109,0.098765432,0.146788991,"2020+1",2137,0.00748713149274684,"AUG"
"August","social",28,464,109,0.060344828,0.256880734,"2020+1",2137,0.013102480112307,"AUG"
"December","BLM",2,79,135,0.025316456,0.014814815,"2020+1",2137,0.000935891436593355,"DEC"
"December","covid",51,860,135,0.059302326,0.377777778,"2020+1",2137,0.0238652316331306,"DEC"
"December","covid-news",4,208,135,0.019230769,0.02962963,"2020+1",2137,0.00187178287318671,"DEC"
"December","covid-onset",4,126,135,0.031746032,0.02962963,"2020+1",2137,0.00187178287318671,"DEC"
"December","election",6,97,135,0.06185567,0.044444444,"2020+1",2137,0.00280767430978007,"DEC"
"December","occupation",3,162,135,0.018518519,0.022222222,"2020+1",2137,0.00140383715489003,"DEC"
"December","social",55,464,135,0.118534483,0.407407407,"2020+1",2137,0.0257370145063173,"DEC"
"February","covid",40,860,120,0.046511628,0.333333333,"2020+1",2137,0.0187178287318671,"FEB"
"February","covid-news",28,208,120,0.134615385,0.233333333,"2020+1",2137,0.013102480112307,"FEB"
"February","covid-onset",2,126,120,0.015873016,0.016666667,"2020+1",2137,0.000935891436593355,"FEB"
"February","election",2,97,120,0.020618557,0.016666667,"2020+1",2137,0.000935891436593355,"FEB"
"February","occupation",7,162,120,0.043209877,0.058333333,"2020+1",2137,0.00327562002807674,"FEB"
"February","social",29,464,120,0.0625,0.241666667,"2020+1",2137,0.0135704258306037,"FEB"
"January","BLM",3,79,115,0.037974684,0.026086957,"2020+1",2137,0.00140383715489003,"JAN"
"January","covid",34,860,115,0.039534884,0.295652174,"2020+1",2137,0.015910154422087,"JAN"
"January","covid-news",28,208,115,0.134615385,0.243478261,"2020+1",2137,0.013102480112307,"JAN"
"January","covid-onset",2,126,115,0.015873016,0.017391304,"2020+1",2137,0.000935891436593355,"JAN"
"January","election",5,97,115,0.051546392,0.043478261,"2020+1",2137,0.00233972859148339,"JAN"
"January","occupation",4,162,115,0.024691358,0.034782609,"2020+1",2137,0.00187178287318671,"JAN"
"January","social",25,464,115,0.05387931,0.217391304,"2020+1",2137,0.0116986429574169,"JAN"
"July","BLM",7,79,98,0.088607595,0.071428571,"2020+1",2137,0.00327562002807674,"JUL"
"July","covid",45,860,98,0.052325581,0.459183673,"2020+1",2137,0.0210575573233505,"JUL"
"July","covid-onset",4,126,98,0.031746032,0.040816327,"2020+1",2137,0.00187178287318671,"JUL"
"July","election",1,97,98,0.010309278,0.010204082,"2020+1",2137,0.000467945718296678,"JUL"
"July","occupation",3,162,98,0.018518519,0.030612245,"2020+1",2137,0.00140383715489003,"JUL"
"July","social",28,464,98,0.060344828,0.285714286,"2020+1",2137,0.013102480112307,"JUL"
"June","BLM",17,79,142,0.215189873,0.11971831,"2020+1",2137,0.00795507721104352,"JUN"
"June","covid",58,860,142,0.06744186,0.408450704,"2020+1",2137,0.0271408516612073,"JUN"
"June","covid-news",5,208,142,0.024038462,0.035211268,"2020+1",2137,0.00233972859148339,"JUN"
"June","covid-onset",9,126,142,0.071428571,0.063380282,"2020+1",2137,0.0042115114646701,"JUN"
"June","occupation",13,162,142,0.080246914,0.091549296,"2020+1",2137,0.00608329433785681,"JUN"
"June","social",30,464,142,0.064655172,0.211267606,"2020+1",2137,0.0140383715489003,"JUN"
"March","BLM",7,79,465,0.088607595,0.015053763,"2020+1",2137,0.00327562002807674,"MAR"
"March","covid",211,860,465,0.245348837,0.453763441,"2020+1",2137,0.098736546560599,"MAR"
"March","covid-news",86,208,465,0.413461538,0.184946237,"2020+1",2137,0.0402433317735143,"MAR"
"March","covid-onset",56,126,465,0.444444444,0.120430108,"2020+1",2137,0.0262049602246139,"MAR"
"March","election",5,97,465,0.051546392,0.010752688,"2020+1",2137,0.00233972859148339,"MAR"
"March","occupation",42,162,465,0.259259259,0.090322581,"2020+1",2137,0.0196537201684605,"MAR"
"March","social",47,464,465,0.101293103,0.101075269,"2020+1",2137,0.0219934487599438,"MAR"
"May","BLM",11,79,136,0.139240506,0.080882353,"2020+1",2137,0.00514740290126345,"MAY"
"May","covid",56,860,136,0.065116279,0.411764706,"2020+1",2137,0.0262049602246139,"MAY"
"May","covid-news",9,208,136,0.043269231,0.066176471,"2020+1",2137,0.0042115114646701,"MAY"
"May","covid-onset",3,126,136,0.023809524,0.022058824,"2020+1",2137,0.00140383715489003,"MAY"
"May","election",3,97,136,0.030927835,0.022058824,"2020+1",2137,0.00140383715489003,"MAY"
"May","occupation",18,162,136,0.111111111,0.132352941,"2020+1",2137,0.0084230229293402,"MAY"
"May","social",28,464,136,0.060344828,0.205882353,"2020+1",2137,0.013102480112307,"MAY"
"November","BLM",5,79,165,0.063291139,0.03030303,"2020+1",2137,0.00233972859148339,"NOV"
"November","covid",47,860,165,0.054651163,0.284848485,"2020+1",2137,0.0219934487599438,"NOV"
"November","covid-news",8,208,165,0.038461538,0.048484848,"2020+1",2137,0.00374356574637342,"NOV"
"November","covid-onset",1,126,165,0.007936508,0.006060606,"2020+1",2137,0.000467945718296678,"NOV"
"November","election",56,97,165,0.577319588,0.339393939,"2020+1",2137,0.0262049602246139,"NOV"
"November","occupation",2,162,165,0.012345679,0.012121212,"2020+1",2137,0.000935891436593355,"NOV"
"November","social",36,464,165,0.077586207,0.218181818,"2020+1",2137,0.0168460458586804,"NOV"
"October","BLM",1,79,73,0.012658228,0.01369863,"2020+1",2137,0.000467945718296678,"OCT"
"October","covid",20,860,73,0.023255814,0.273972603,"2020+1",2137,0.00935891436593355,"OCT"
"October","covid-news",3,208,73,0.014423077,0.04109589,"2020+1",2137,0.00140383715489003,"OCT"
"October","covid-onset",1,126,73,0.007936508,0.01369863,"2020+1",2137,0.000467945718296678,"OCT"
"October","election",6,97,73,0.06185567,0.082191781,"2020+1",2137,0.00280767430978007,"OCT"
"October","occupation",9,162,73,0.055555556,0.123287671,"2020+1",2137,0.0042115114646701,"OCT"
"October","social",29,464,73,0.0625,0.397260274,"2020+1",2137,0.0135704258306037,"OCT"
"September","BLM",3,79,89,0.037974684,0.033707865,"2020+1",2137,0.00140383715489003,"SEP"
"September","covid",34,860,89,0.039534884,0.382022472,"2020+1",2137,0.015910154422087,"SEP"
"September","covid-news",3,208,89,0.014423077,0.033707865,"2020+1",2137,0.00140383715489003,"SEP"
"September","covid-onset",4,126,89,0.031746032,0.04494382,"2020+1",2137,0.00187178287318671,"SEP"
"September","election",3,97,89,0.030927835,0.033707865,"2020+1",2137,0.00140383715489003,"SEP"
"September","occupation",7,162,89,0.043209877,0.078651685,"2020+1",2137,0.00327562002807674,"SEP"
"September","social",27,464,89,0.058189655,0.303370787,"2020+1",2137,0.0126345343940103,"SEP"
"April","covid",49,426,171,0.115023474,0.286549708,"2020+2",1658,0.0295536791314837,"APR"
"April","covid-news",9,138,171,0.065217391,0.052631579,"2020+2",1658,0.00542822677925211,"APR"
"April","covid-onset",14,75,171,0.186666667,0.081871345,"2020+2",1658,0.00844390832328106,"APR"
"April","domestic",9,52,171,0.173076923,0.052631579,"2020+2",1658,0.00542822677925211,"APR"
"April","election",4,112,171,0.035714286,0.023391813,"2020+2",1658,0.00241254523522316,"APR"
"April","occupation",48,350,171,0.137142857,0.280701754,"2020+2",1658,0.0289505428226779,"APR"
"April","social",22,302,171,0.072847682,0.128654971,"2020+2",1658,0.0132689987937274,"APR"
"August","covid",6,426,60,0.014084507,0.1,"2020+2",1658,0.00361881785283474,"AUG"
"August","covid-news",2,138,60,0.014492754,0.033333333,"2020+2",1658,0.00120627261761158,"AUG"
"August","covid-onset",1,75,60,0.013333333,0.016666667,"2020+2",1658,0.00060313630880579,"AUG"
"August","domestic",1,52,60,0.019230769,0.016666667,"2020+2",1658,0.00060313630880579,"AUG"
"August","occupation",19,350,60,0.054285714,0.316666667,"2020+2",1658,0.01145958986731,"AUG"
"August","social",19,302,60,0.062913907,0.316666667,"2020+2",1658,0.01145958986731,"AUG"
"December","covid",8,426,59,0.018779343,0.13559322,"2020+2",1658,0.00482509047044632,"DEC"
"December","domestic",2,52,59,0.038461538,0.033898305,"2020+2",1658,0.00120627261761158,"DEC"
"December","election",4,112,59,0.035714286,0.06779661,"2020+2",1658,0.00241254523522316,"DEC"
"December","occupation",12,350,59,0.034285714,0.203389831,"2020+2",1658,0.00723763570566948,"DEC"
"December","social",27,302,59,0.089403974,0.457627119,"2020+2",1658,0.0162846803377563,"DEC"
"February","covid",25,426,108,0.058685446,0.231481481,"2020+2",1658,0.0150784077201448,"FEB"
"February","covid-news",25,138,108,0.18115942,0.231481481,"2020+2",1658,0.0150784077201448,"FEB"
"February","covid-onset",1,75,108,0.013333333,0.009259259,"2020+2",1658,0.00060313630880579,"FEB"
"February","domestic",1,52,108,0.019230769,0.009259259,"2020+2",1658,0.00060313630880579,"FEB"
"February","election",5,112,108,0.044642857,0.046296296,"2020+2",1658,0.00301568154402895,"FEB"
"February","occupation",10,350,108,0.028571429,0.092592593,"2020+2",1658,0.0060313630880579,"FEB"
"February","social",30,302,108,0.099337748,0.277777778,"2020+2",1658,0.0180940892641737,"FEB"
"January","covid",19,426,131,0.044600939,0.145038168,"2020+2",1658,0.01145958986731,"JAN"
"January","covid-news",40,138,131,0.289855072,0.305343511,"2020+2",1658,0.0241254523522316,"JAN"
"January","covid-onset",2,75,131,0.026666667,0.015267176,"2020+2",1658,0.00120627261761158,"JAN"
"January","domestic",6,52,131,0.115384615,0.045801527,"2020+2",1658,0.00361881785283474,"JAN"
"January","election",6,112,131,0.053571429,0.045801527,"2020+2",1658,0.00361881785283474,"JAN"
"January","occupation",19,350,131,0.054285714,0.145038168,"2020+2",1658,0.01145958986731,"JAN"
"January","social",22,302,131,0.072847682,0.167938931,"2020+2",1658,0.0132689987937274,"JAN"
"July","covid",14,426,70,0.03286385,0.2,"2020+2",1658,0.00844390832328106,"JUL"
"July","covid-onset",2,75,70,0.026666667,0.028571429,"2020+2",1658,0.00120627261761158,"JUL"
"July","domestic",3,52,70,0.057692308,0.042857143,"2020+2",1658,0.00180940892641737,"JUL"
"July","election",2,112,70,0.017857143,0.028571429,"2020+2",1658,0.00120627261761158,"JUL"
"July","occupation",12,350,70,0.034285714,0.171428571,"2020+2",1658,0.00723763570566948,"JUL"
"July","social",26,302,70,0.086092715,0.371428571,"2020+2",1658,0.0156815440289505,"JUL"
"June","covid",20,426,95,0.046948357,0.210526316,"2020+2",1658,0.0120627261761158,"JUN"
"June","covid-news",3,138,95,0.02173913,0.031578947,"2020+2",1658,0.00180940892641737,"JUN"
"June","covid-onset",1,75,95,0.013333333,0.010526316,"2020+2",1658,0.00060313630880579,"JUN"
"June","domestic",2,52,95,0.038461538,0.021052632,"2020+2",1658,0.00120627261761158,"JUN"
"June","election",5,112,95,0.044642857,0.052631579,"2020+2",1658,0.00301568154402895,"JUN"
"June","occupation",20,350,95,0.057142857,0.210526316,"2020+2",1658,0.0120627261761158,"JUN"
"June","social",17,302,95,0.056291391,0.178947368,"2020+2",1658,0.0102533172496984,"JUN"
"March","covid",171,426,437,0.401408451,0.391304348,"2020+2",1658,0.10313630880579,"MAR"
"March","covid-news",35,138,437,0.253623188,0.080091533,"2020+2",1658,0.0211097708082027,"MAR"
"March","covid-onset",39,75,437,0.52,0.089244851,"2020+2",1658,0.0235223160434258,"MAR"
"March","domestic",7,52,437,0.134615385,0.016018307,"2020+2",1658,0.00422195416164053,"MAR"
"March","election",5,112,437,0.044642857,0.011441648,"2020+2",1658,0.00301568154402895,"MAR"
"March","occupation",104,350,437,0.297142857,0.23798627,"2020+2",1658,0.0627261761158022,"MAR"
"March","social",42,302,437,0.139072848,0.09610984,"2020+2",1658,0.0253317249698432,"MAR"
"May","covid",26,426,91,0.061032864,0.285714286,"2020+2",1658,0.0156815440289505,"MAY"
"May","covid-news",3,138,91,0.02173913,0.032967033,"2020+2",1658,0.00180940892641737,"MAY"
"May","covid-onset",4,75,91,0.053333333,0.043956044,"2020+2",1658,0.00241254523522316,"MAY"
"May","domestic",5,52,91,0.096153846,0.054945055,"2020+2",1658,0.00301568154402895,"MAY"
"May","occupation",16,350,91,0.045714286,0.175824176,"2020+2",1658,0.00965018094089264,"MAY"
"May","social",20,302,91,0.066225166,0.21978022,"2020+2",1658,0.0120627261761158,"MAY"
"November","covid",7,426,110,0.016431925,0.063636364,"2020+2",1658,0.00422195416164053,"NOV"
"November","domestic",3,52,110,0.057692308,0.027272727,"2020+2",1658,0.00180940892641737,"NOV"
"November","election",56,112,110,0.5,0.509090909,"2020+2",1658,0.0337756332931242,"NOV"
"November","occupation",14,350,110,0.04,0.127272727,"2020+2",1658,0.00844390832328106,"NOV"
"November","social",24,302,110,0.079470199,0.218181818,"2020+2",1658,0.014475271411339,"NOV"
"October","covid",8,426,46,0.018779343,0.173913043,"2020+2",1658,0.00482509047044632,"OCT"
"October","domestic",2,52,46,0.038461538,0.043478261,"2020+2",1658,0.00120627261761158,"OCT"
"October","election",12,112,46,0.107142857,0.260869565,"2020+2",1658,0.00723763570566948,"OCT"
"October","occupation",9,350,46,0.025714286,0.195652174,"2020+2",1658,0.00542822677925211,"OCT"
"October","social",8,302,46,0.026490066,0.173913043,"2020+2",1658,0.00482509047044632,"OCT"
"September","covid",4,426,48,0.009389671,0.083333333,"2020+2",1658,0.00241254523522316,"SEP"
"September","covid-news",2,138,48,0.014492754,0.041666667,"2020+2",1658,0.00120627261761158,"SEP"
"September","covid-onset",1,75,48,0.013333333,0.020833333,"2020+2",1658,0.00060313630880579,"SEP"
"September","domestic",2,52,48,0.038461538,0.041666667,"2020+2",1658,0.00120627261761158,"SEP"
"September","election",3,112,48,0.026785714,0.0625,"2020+2",1658,0.00180940892641737,"SEP"
"September","occupation",15,350,48,0.042857143,0.3125,"2020+2",1658,0.00904704463208685,"SEP"
"September","social",11,302,48,0.036423841,0.229166667,"2020+2",1658,0.00663449939686369,"SEP"
"April","BLM",4,39,125,0.102564103,0.032,"2020+2_rep",1347,0.00296956198960653,"APR"
"April","covid",8,194,125,0.041237113,0.064,"2020+2_rep",1347,0.00593912397921307,"APR"
"April","covid-onset",20,142,125,0.14084507,0.16,"2020+2_rep",1347,0.0148478099480327,"APR"
"April","domestic",3,42,125,0.071428571,0.024,"2020+2_rep",1347,0.0022271714922049,"APR"
"April","occupation",48,431,125,0.11136891,0.384,"2020+2_rep",1347,0.0356347438752784,"APR"
"April","social",41,446,125,0.091928251,0.328,"2020+2_rep",1347,0.030438010393467,"APR"
"August","BLM",1,39,64,0.025641026,0.015625,"2020+2_rep",1347,0.000742390497401633,"AUG"
"August","covid",4,194,64,0.020618557,0.0625,"2020+2_rep",1347,0.00296956198960653,"AUG"
"August","covid-onset",3,142,64,0.021126761,0.046875,"2020+2_rep",1347,0.0022271714922049,"AUG"
"August","domestic",4,42,64,0.095238095,0.0625,"2020+2_rep",1347,0.00296956198960653,"AUG"
"August","occupation",25,431,64,0.05800464,0.390625,"2020+2_rep",1347,0.0185597624350408,"AUG"
"August","social",27,446,64,0.060538117,0.421875,"2020+2_rep",1347,0.0200445434298441,"AUG"
"December","BLM",1,39,56,0.025641026,0.017857143,"2020+2_rep",1347,0.000742390497401633,"DEC"
"December","covid",5,194,56,0.025773196,0.089285714,"2020+2_rep",1347,0.00371195248700817,"DEC"
"December","covid-onset",3,142,56,0.021126761,0.053571429,"2020+2_rep",1347,0.0022271714922049,"DEC"
"December","occupation",7,431,56,0.016241299,0.125,"2020+2_rep",1347,0.00519673348181143,"DEC"
"December","social",39,446,56,0.087443946,0.696428571,"2020+2_rep",1347,0.0289532293986637,"DEC"
"February","BLM",1,39,72,0.025641026,0.013888889,"2020+2_rep",1347,0.000742390497401633,"FEB"
"February","covid",19,194,72,0.097938144,0.263888889,"2020+2_rep",1347,0.014105419450631,"FEB"
"February","covid-onset",6,142,72,0.042253521,0.083333333,"2020+2_rep",1347,0.0044543429844098,"FEB"
"February","domestic",3,42,72,0.071428571,0.041666667,"2020+2_rep",1347,0.0022271714922049,"FEB"
"February","election",2,24,72,0.083333333,0.027777778,"2020+2_rep",1347,0.00148478099480327,"FEB"
"February","occupation",13,431,72,0.030162413,0.180555556,"2020+2_rep",1347,0.00965107646622123,"FEB"
"February","social",24,446,72,0.053811659,0.333333333,"2020+2_rep",1347,0.0178173719376392,"FEB"
"January","BLM",1,39,85,0.025641026,0.011764706,"2020+2_rep",1347,0.000742390497401633,"JAN"
"January","covid",19,194,85,0.097938144,0.223529412,"2020+2_rep",1347,0.014105419450631,"JAN"
"January","covid-onset",5,142,85,0.035211268,0.058823529,"2020+2_rep",1347,0.00371195248700817,"JAN"
"January","domestic",1,42,85,0.023809524,0.011764706,"2020+2_rep",1347,0.000742390497401633,"JAN"
"January","election",5,24,85,0.208333333,0.058823529,"2020+2_rep",1347,0.00371195248700817,"JAN"
"January","occupation",27,431,85,0.062645012,0.317647059,"2020+2_rep",1347,0.0200445434298441,"JAN"
"January","social",24,446,85,0.053811659,0.282352941,"2020+2_rep",1347,0.0178173719376392,"JAN"
"July","covid",5,194,63,0.025773196,0.079365079,"2020+2_rep",1347,0.00371195248700817,"JUL"
"July","covid-onset",5,142,63,0.035211268,0.079365079,"2020+2_rep",1347,0.00371195248700817,"JUL"
"July","domestic",5,42,63,0.119047619,0.079365079,"2020+2_rep",1347,0.00371195248700817,"JUL"
"July","occupation",20,431,63,0.046403712,0.317460317,"2020+2_rep",1347,0.0148478099480327,"JUL"
"July","social",28,446,63,0.062780269,0.444444444,"2020+2_rep",1347,0.0207869339272457,"JUL"
"June","BLM",3,39,86,0.076923077,0.034883721,"2020+2_rep",1347,0.0022271714922049,"JUN"
"June","covid",6,194,86,0.030927835,0.069767442,"2020+2_rep",1347,0.0044543429844098,"JUN"
"June","covid-onset",9,142,86,0.063380282,0.104651163,"2020+2_rep",1347,0.0066815144766147,"JUN"
"June","domestic",3,42,86,0.071428571,0.034883721,"2020+2_rep",1347,0.0022271714922049,"JUN"
"June","election",1,24,86,0.041666667,0.011627907,"2020+2_rep",1347,0.000742390497401633,"JUN"
"June","occupation",14,431,86,0.032482599,0.162790698,"2020+2_rep",1347,0.0103934669636229,"JUN"
"June","social",45,446,86,0.100896861,0.523255814,"2020+2_rep",1347,0.0334075723830735,"JUN"
"March","BLM",7,39,388,0.179487179,0.018041237,"2020+2_rep",1347,0.00519673348181143,"MAR"
"March","covid",75,194,388,0.386597938,0.193298969,"2020+2_rep",1347,0.0556792873051225,"MAR"
"March","covid-onset",68,142,388,0.478873239,0.175257732,"2020+2_rep",1347,0.0504825538233111,"MAR"
"March","domestic",7,42,388,0.166666667,0.018041237,"2020+2_rep",1347,0.00519673348181143,"MAR"
"March","election",1,24,388,0.041666667,0.00257732,"2020+2_rep",1347,0.000742390497401633,"MAR"
"March","occupation",151,431,388,0.350348028,0.389175258,"2020+2_rep",1347,0.112100965107647,"MAR"
"March","social",76,446,388,0.170403587,0.195876289,"2020+2_rep",1347,0.0564216778025241,"MAR"
"May","BLM",9,39,76,0.230769231,0.118421053,"2020+2_rep",1347,0.0066815144766147,"MAY"
"May","covid",5,194,76,0.025773196,0.065789474,"2020+2_rep",1347,0.00371195248700817,"MAY"
"May","covid-onset",7,142,76,0.049295775,0.092105263,"2020+2_rep",1347,0.00519673348181143,"MAY"
"May","domestic",1,42,76,0.023809524,0.013157895,"2020+2_rep",1347,0.000742390497401633,"MAY"
"May","occupation",23,431,76,0.053364269,0.302631579,"2020+2_rep",1347,0.0170749814402376,"MAY"
"May","social",26,446,76,0.058295964,0.342105263,"2020+2_rep",1347,0.0193021529324425,"MAY"
"November","BLM",3,39,70,0.076923077,0.042857143,"2020+2_rep",1347,0.0022271714922049,"NOV"
"November","covid",3,194,70,0.015463918,0.042857143,"2020+2_rep",1347,0.0022271714922049,"NOV"
"November","covid-onset",2,142,70,0.014084507,0.028571429,"2020+2_rep",1347,0.00148478099480327,"NOV"
"November","domestic",3,42,70,0.071428571,0.042857143,"2020+2_rep",1347,0.0022271714922049,"NOV"
"November","election",12,24,70,0.5,0.171428571,"2020+2_rep",1347,0.0089086859688196,"NOV"
"November","occupation",14,431,70,0.032482599,0.2,"2020+2_rep",1347,0.0103934669636229,"NOV"
"November","social",32,446,70,0.071748879,0.457142857,"2020+2_rep",1347,0.0237564959168523,"NOV"
"October","BLM",3,39,46,0.076923077,0.065217391,"2020+2_rep",1347,0.0022271714922049,"OCT"
"October","covid",4,194,46,0.020618557,0.086956522,"2020+2_rep",1347,0.00296956198960653,"OCT"
"October","domestic",1,42,46,0.023809524,0.02173913,"2020+2_rep",1347,0.000742390497401633,"OCT"
"October","occupation",17,431,46,0.039443155,0.369565217,"2020+2_rep",1347,0.0126206384558278,"OCT"
"October","social",20,446,46,0.044843049,0.434782609,"2020+2_rep",1347,0.0148478099480327,"OCT"
"September","BLM",2,39,53,0.051282051,0.037735849,"2020+2_rep",1347,0.00148478099480327,"SEP"
"September","covid",6,194,53,0.030927835,0.113207547,"2020+2_rep",1347,0.0044543429844098,"SEP"
"September","covid-onset",3,142,53,0.021126761,0.056603774,"2020+2_rep",1347,0.0022271714922049,"SEP"
"September","domestic",1,42,53,0.023809524,0.018867925,"2020+2_rep",1347,0.000742390497401633,"SEP"
"September","occupation",24,431,53,0.055684455,0.452830189,"2020+2_rep",1347,0.0178173719376392,"SEP"
"September","social",15,446,53,0.033632287,0.283018868,"2020+2_rep",1347,0.0111358574610245,"SEP"
"April","capitol-attack",1,147,172,0.006802721,0.005813953,"2021",2315,0.000431965442764579,"APR"
"April","covid",18,341,172,0.052785924,0.104651163,"2021",2315,0.00777537796976242,"APR"
"April","covid-vaccine",84,583,172,0.144082333,0.488372093,"2021",2315,0.0362850971922246,"APR"
"April","domestic",2,56,172,0.035714286,0.011627907,"2021",2315,0.000863930885529158,"APR"
"April","education",8,129,172,0.062015504,0.046511628,"2021",2315,0.00345572354211663,"APR"
"April","occupation",19,285,172,0.066666667,0.110465116,"2021",2315,0.008207343412527,"APR"
"April","social",35,584,172,0.059931507,0.203488372,"2021",2315,0.0151187904967603,"APR"
"August","capitol-attack",2,147,179,0.013605442,0.011173184,"2021",2315,0.000863930885529158,"AUG"
"August","covid",31,341,179,0.090909091,0.173184358,"2021",2315,0.0133909287257019,"AUG"
"August","covid-vaccine",25,583,179,0.042881647,0.139664804,"2021",2315,0.0107991360691145,"AUG"
"August","domestic",5,56,179,0.089285714,0.027932961,"2021",2315,0.00215982721382289,"AUG"
"August","education",16,129,179,0.124031008,0.089385475,"2021",2315,0.00691144708423326,"AUG"
"August","occupation",31,285,179,0.10877193,0.173184358,"2021",2315,0.0133909287257019,"AUG"
"August","social",47,584,179,0.080479452,0.262569832,"2021",2315,0.0203023758099352,"AUG"
"December","capitol-attack",5,147,128,0.034013605,0.0390625,"2021",2315,0.00215982721382289,"DEC"
"December","covid",21,341,128,0.061583578,0.1640625,"2021",2315,0.00907127429805616,"DEC"
"December","covid-vaccine",30,583,128,0.051457976,0.234375,"2021",2315,0.0129589632829374,"DEC"
"December","domestic",4,56,128,0.071428571,0.03125,"2021",2315,0.00172786177105832,"DEC"
"December","education",5,129,128,0.03875969,0.0390625,"2021",2315,0.00215982721382289,"DEC"
"December","occupation",21,285,128,0.073684211,0.1640625,"2021",2315,0.00907127429805616,"DEC"
"December","social",30,584,128,0.051369863,0.234375,"2021",2315,0.0129589632829374,"DEC"
"February","capitol-attack",4,147,105,0.027210884,0.038095238,"2021",2315,0.00172786177105832,"FEB"
"February","covid",19,341,105,0.055718475,0.180952381,"2021",2315,0.008207343412527,"FEB"
"February","covid-vaccine",27,583,105,0.046312178,0.257142857,"2021",2315,0.0116630669546436,"FEB"
"February","domestic",2,56,105,0.035714286,0.019047619,"2021",2315,0.000863930885529158,"FEB"
"February","education",11,129,105,0.085271318,0.104761905,"2021",2315,0.00475161987041037,"FEB"
"February","occupation",11,285,105,0.038596491,0.104761905,"2021",2315,0.00475161987041037,"FEB"
"February","social",19,584,105,0.032534247,0.180952381,"2021",2315,0.008207343412527,"FEB"
"January","capitol-attack",99,147,253,0.673469388,0.391304348,"2021",2315,0.0427645788336933,"JAN"
"January","covid",34,341,253,0.099706745,0.134387352,"2021",2315,0.0146868250539957,"JAN"
"January","covid-vaccine",44,583,253,0.075471698,0.173913043,"2021",2315,0.0190064794816415,"JAN"
"January","domestic",5,56,253,0.089285714,0.019762846,"2021",2315,0.00215982721382289,"JAN"
"January","education",18,129,253,0.139534884,0.071146245,"2021",2315,0.00777537796976242,"JAN"
"January","occupation",19,285,253,0.066666667,0.075098814,"2021",2315,0.008207343412527,"JAN"
"January","social",25,584,253,0.042808219,0.098814229,"2021",2315,0.0107991360691145,"JAN"
"July","capitol-attack",6,147,173,0.040816327,0.034682081,"2021",2315,0.00259179265658747,"JUL"
"July","covid",26,341,173,0.076246334,0.150289017,"2021",2315,0.011231101511879,"JUL"
"July","covid-vaccine",28,583,173,0.048027444,0.161849711,"2021",2315,0.0120950323974082,"JUL"
"July","domestic",3,56,173,0.053571429,0.01734104,"2021",2315,0.00129589632829374,"JUL"
"July","education",1,129,173,0.007751938,0.005780347,"2021",2315,0.000431965442764579,"JUL"
"July","occupation",24,285,173,0.084210526,0.138728324,"2021",2315,0.0103671706263499,"JUL"
"July","social",71,584,173,0.121575342,0.410404624,"2021",2315,0.0306695464362851,"JUL"
"June","capitol-attack",5,147,160,0.034013605,0.03125,"2021",2315,0.00215982721382289,"JUN"
"June","covid",26,341,160,0.076246334,0.1625,"2021",2315,0.011231101511879,"JUN"
"June","covid-vaccine",34,583,160,0.058319039,0.2125,"2021",2315,0.0146868250539957,"JUN"
"June","domestic",3,56,160,0.053571429,0.01875,"2021",2315,0.00129589632829374,"JUN"
"June","education",5,129,160,0.03875969,0.03125,"2021",2315,0.00215982721382289,"JUN"
"June","occupation",27,285,160,0.094736842,0.16875,"2021",2315,0.0116630669546436,"JUN"
"June","social",45,584,160,0.077054795,0.28125,"2021",2315,0.019438444924406,"JUN"
"March","capitol-attack",3,147,158,0.020408163,0.018987342,"2021",2315,0.00129589632829374,"MAR"
"March","covid",26,341,158,0.076246334,0.164556962,"2021",2315,0.011231101511879,"MAR"
"March","covid-vaccine",73,583,158,0.125214408,0.462025316,"2021",2315,0.0315334773218143,"MAR"
"March","domestic",5,56,158,0.089285714,0.03164557,"2021",2315,0.00215982721382289,"MAR"
"March","education",4,129,158,0.031007752,0.025316456,"2021",2315,0.00172786177105832,"MAR"
"March","occupation",17,285,158,0.059649123,0.107594937,"2021",2315,0.00734341252699784,"MAR"
"March","social",21,584,158,0.035958904,0.132911392,"2021",2315,0.00907127429805616,"MAR"
"May","capitol-attack",7,147,164,0.047619048,0.042682927,"2021",2315,0.00302375809935205,"MAY"
"May","covid",15,341,164,0.04398827,0.091463415,"2021",2315,0.00647948164146868,"MAY"
"May","covid-vaccine",53,583,164,0.090909091,0.323170732,"2021",2315,0.0228941684665227,"MAY"
"May","domestic",4,56,164,0.071428571,0.024390244,"2021",2315,0.00172786177105832,"MAY"
"May","education",13,129,164,0.100775194,0.079268293,"2021",2315,0.00561555075593952,"MAY"
"May","occupation",17,285,164,0.059649123,0.103658537,"2021",2315,0.00734341252699784,"MAY"
"May","social",40,584,164,0.068493151,0.243902439,"2021",2315,0.0172786177105832,"MAY"
"November","capitol-attack",5,147,235,0.034013605,0.021276596,"2021",2315,0.00215982721382289,"NOV"
"November","covid",25,341,235,0.073313783,0.106382979,"2021",2315,0.0107991360691145,"NOV"
"November","covid-vaccine",56,583,235,0.096054889,0.238297872,"2021",2315,0.0241900647948164,"NOV"
"November","domestic",6,56,235,0.107142857,0.025531915,"2021",2315,0.00259179265658747,"NOV"
"November","education",6,129,235,0.046511628,0.025531915,"2021",2315,0.00259179265658747,"NOV"
"November","occupation",19,285,235,0.066666667,0.080851064,"2021",2315,0.008207343412527,"NOV"
"November","social",92,584,235,0.157534247,0.391489362,"2021",2315,0.0397408207343413,"NOV"
"October","capitol-attack",3,147,166,0.020408163,0.018072289,"2021",2315,0.00129589632829374,"OCT"
"October","covid",30,341,166,0.08797654,0.180722892,"2021",2315,0.0129589632829374,"OCT"
"October","covid-vaccine",23,583,166,0.039451115,0.138554217,"2021",2315,0.00993520518358531,"OCT"
"October","domestic",6,56,166,0.107142857,0.036144578,"2021",2315,0.00259179265658747,"OCT"
"October","education",11,129,166,0.085271318,0.06626506,"2021",2315,0.00475161987041037,"OCT"
"October","occupation",18,285,166,0.063157895,0.108433735,"2021",2315,0.00777537796976242,"OCT"
"October","social",63,584,166,0.107876712,0.379518072,"2021",2315,0.0272138228941685,"OCT"
"September","capitol-attack",1,147,159,0.006802721,0.006289308,"2021",2315,0.000431965442764579,"SEP"
"September","covid",24,341,159,0.070381232,0.150943396,"2021",2315,0.0103671706263499,"SEP"
"September","covid-vaccine",35,583,159,0.060034305,0.220125786,"2021",2315,0.0151187904967603,"SEP"
"September","domestic",3,56,159,0.053571429,0.018867925,"2021",2315,0.00129589632829374,"SEP"
"September","education",23,129,159,0.178294574,0.144654088,"2021",2315,0.00993520518358531,"SEP"
"September","occupation",22,285,159,0.077192982,0.13836478,"2021",2315,0.00950323974082073,"SEP"
"September","social",37,584,159,0.063356164,0.232704403,"2021",2315,0.0159827213822894,"SEP"
